path,sha256,origin,source_commit,author,classification,license,decision,reviewer,evidence
.gitattributes,c315632bbecb7337a950917d96a48a15602b8142b847df9cd96db7c183372c3f,HubICG Community release candidate,43a9e1396b6ed314c34c93c600cfd8877e805c7b,Paulo Cesar Benjamin Junior,first-party,AGPL-3.0-only,approved,Paulo Cesar Benjamin Junior,git:43a9e1396b6ed314c34c93c600cfd8877e805c7b
.github/CODEOWNERS,41e14aaa1d3538dafe99e1327a8fb89f969047866e943ad72e5c55bf25b49f0e,HubICG Community release candidate,43a9e1396b6ed314c34c93c600cfd8877e805c7b,Paulo Cesar Benjamin Junior,first-party,AGPL-3.0-only,approved,Paulo Cesar Benjamin Junior,git:43a9e1396b6ed314c34c93c600cfd8877e805c7b
.github/ISSUE_TEMPLATE/bug.yml,4c77f605d949f8d1417af131d0b47bbcec7512bc0b49c4da6b46e3821889f51f,HubICG Community release candidate,43a9e1396b6ed314c34c93c600cfd8877e805c7b,Paulo Cesar Benjamin Junior,first-party,AGPL-3.0-only,approved,Paulo Cesar Benjamin Junior,git:43a9e1396b6ed314c34c93c600cfd8877e805c7b
.github/ISSUE_TEMPLATE/config.yml,79927df8cd38248b10811e0e818893f34fcc4bbf26000937ee24652e59c1db84,HubICG Community release candidate,43a9e1396b6ed314c34c93c600cfd8877e805c7b,Paulo Cesar Benjamin Junior,first-party,AGPL-3.0-only,approved,Paulo Cesar Benjamin Junior,git:43a9e1396b6ed314c34c93c600cfd8877e805c7b
.github/ISSUE_TEMPLATE/configuration.yml,2cc74e429fcc066d51a128d9270c1dca908a2371efb5e235bf624223509afa05,HubICG Community release candidate,43a9e1396b6ed314c34c93c600cfd8877e805c7b,Paulo Cesar Benjamin Junior,first-party,AGPL-3.0-only,approved,Paulo Cesar Benjamin Junior,git:43a9e1396b6ed314c34c93c600cfd8877e805c7b
.github/ISSUE_TEMPLATE/documentation.yml,a2e92791d0ef6259e9eaf90599168017f055522d544b660f35b10c6ed2d15405,HubICG Community release candidate,43a9e1396b6ed314c34c93c600cfd8877e805c7b,Paulo Cesar Benjamin Junior,first-party,AGPL-3.0-only,approved,Paulo Cesar Benjamin Junior,git:43a9e1396b6ed314c34c93c600cfd8877e805c7b
.github/ISSUE_TEMPLATE/feature.yml,7c4a762df2298125ea745e2099a9d9e8db7f8d2bb84cf2ab38134b5ae12d9efe,HubICG Community release candidate,43a9e1396b6ed314c34c93c600cfd8877e805c7b,Paulo Cesar Benjamin Junior,first-party,AGPL-3.0-only,approved,Paulo Cesar Benjamin Junior,git:43a9e1396b6ed314c34c93c600cfd8877e805c7b
.github/dependabot.yml,0d610c37a11a570efaa465807292fd8a0105cfa96d2bd23c127ebd43438ea057,HubICG Community release candidate,43a9e1396b6ed314c34c93c600cfd8877e805c7b,Paulo Cesar Benjamin Junior,first-party,AGPL-3.0-only,approved,Paulo Cesar Benjamin Junior,git:43a9e1396b6ed314c34c93c600cfd8877e805c7b
.github/pull_request_template.md,3c12843c96494c7eb67a9e0325338551a5834f0dd87234733a3335d9804f28a0,HubICG Community release candidate,43a9e1396b6ed314c34c93c600cfd8877e805c7b,Paulo Cesar Benjamin Junior,first-party,AGPL-3.0-only,approved,Paulo Cesar Benjamin Junior,git:43a9e1396b6ed314c34c93c600cfd8877e805c7b
.github/workflows/ci.yml,02dee37474613856891966634305c586e9ab006c59b26846c6378559551c3130,HubICG Community release candidate,43a9e1396b6ed314c34c93c600cfd8877e805c7b,Paulo Cesar Benjamin Junior,first-party,AGPL-3.0-only,approved,Paulo Cesar Benjamin Junior,git:43a9e1396b6ed314c34c93c600cfd8877e805c7b
.github/workflows/cla.yml,644546124fbb4cb778d7a6adbe2e44da4ab9ae4ac34e563f9744dda89664db5a,HubICG Community release candidate,43a9e1396b6ed314c34c93c600cfd8877e805c7b,Paulo Cesar Benjamin Junior,first-party,AGPL-3.0-only,approved,Paulo Cesar Benjamin Junior,git:43a9e1396b6ed314c34c93c600cfd8877e805c7b
.github/workflows/codeql.yml,4d77fe25a79a3b1e024b287baae3a20486b7bb26c6889be29aaf46525eb09ddc,HubICG Community release candidate,43a9e1396b6ed314c34c93c600cfd8877e805c7b,Paulo Cesar Benjamin Junior,first-party,AGPL-3.0-only,approved,Paulo Cesar Benjamin Junior,git:43a9e1396b6ed314c34c93c600cfd8877e805c7b
.github/workflows/promotion-gate.yml,32835f12f305cea003eab2c5c0a76287240b5326cd60ed58705a25376cba30c8,HubICG Community release candidate,43a9e1396b6ed314c34c93c600cfd8877e805c7b,Paulo Cesar Benjamin Junior,first-party,AGPL-3.0-only,approved,Paulo Cesar Benjamin Junior,git:43a9e1396b6ed314c34c93c600cfd8877e805c7b
.github/workflows/release.yml,191746aa07c85ab85e25e4b4870dc501b000bc34834e299695d4bac234f71039,HubICG Community release candidate,43a9e1396b6ed314c34c93c600cfd8877e805c7b,Paulo Cesar Benjamin Junior,first-party,AGPL-3.0-only,approved,Paulo Cesar Benjamin Junior,git:43a9e1396b6ed314c34c93c600cfd8877e805c7b
.gitignore,d52339668eaaf9f909c5f3381676d3a25c23618d079a219ba09458b5c1568e69,HubICG Community release candidate,43a9e1396b6ed314c34c93c600cfd8877e805c7b,Paulo Cesar Benjamin Junior,first-party,AGPL-3.0-only,approved,Paulo Cesar Benjamin Junior,git:43a9e1396b6ed314c34c93c600cfd8877e805c7b
.hubicg/config.json,1e7eb937b3eae199bab2adf5327100ab6c4adcfb29e1664ab2007000fc2e4004,HubICG Community release candidate,43a9e1396b6ed314c34c93c600cfd8877e805c7b,Paulo Cesar Benjamin Junior,first-party,AGPL-3.0-only,approved,Paulo Cesar Benjamin Junior,git:43a9e1396b6ed314c34c93c600cfd8877e805c7b
.hubicg/filename-policy.json,9fed31d0ca5bb92956c0ab49b1800e477c605e8b19f1a43fd0f9f5a0302e6a22,HubICG Community release candidate,43a9e1396b6ed314c34c93c600cfd8877e805c7b,Paulo Cesar Benjamin Junior,first-party,AGPL-3.0-only,approved,Paulo Cesar Benjamin Junior,git:43a9e1396b6ed314c34c93c600cfd8877e805c7b
.hubicg/gates/p0-maintainers.json,17ca0cc2e5f915a414e82c46cb4c93587508fff466fee0bedc682621ab650f1b,HubICG Community release candidate,43a9e1396b6ed314c34c93c600cfd8877e805c7b,Paulo Cesar Benjamin Junior,first-party,AGPL-3.0-only,approved,Paulo Cesar Benjamin Junior,git:43a9e1396b6ed314c34c93c600cfd8877e805c7b
.hubicg/gates/p0-marks.json,4eb6111b872081d2a2587d181168f3895d1242369108cc8ceb781e86c5f4f26c,HubICG Community release candidate,43a9e1396b6ed314c34c93c600cfd8877e805c7b,Paulo Cesar Benjamin Junior,first-party,AGPL-3.0-only,approved,Paulo Cesar Benjamin Junior,git:43a9e1396b6ed314c34c93c600cfd8877e805c7b
.hubicg/gates/p0-provenance.json,c9a19f4b1e5d22fe7ba1b5566b78e0f280f156ff980a0376e2cbbde8fafb5228,HubICG Community release candidate,43a9e1396b6ed314c34c93c600cfd8877e805c7b,Paulo Cesar Benjamin Junior,first-party,AGPL-3.0-only,approved,Paulo Cesar Benjamin Junior,git:43a9e1396b6ed314c34c93c600cfd8877e805c7b
.hubicg/roles/git-devops.json,0339bacdd340410d53b8c272b88ec219706354c8a9aaaa2b4d063bfe14d28598,HubICG Community release candidate,43a9e1396b6ed314c34c93c600cfd8877e805c7b,Paulo Cesar Benjamin Junior,first-party,AGPL-3.0-only,approved,Paulo Cesar Benjamin Junior,git:43a9e1396b6ed314c34c93c600cfd8877e805c7b
.hubicg/roles/software-development.json,12f850f97ee2a2a5de0f4d7c9f4a3faafe34e2dc80d79ed5c83c0cb0184a7469,HubICG Community release candidate,43a9e1396b6ed314c34c93c600cfd8877e805c7b,Paulo Cesar Benjamin Junior,first-party,AGPL-3.0-only,approved,Paulo Cesar Benjamin Junior,git:43a9e1396b6ed314c34c93c600cfd8877e805c7b
.hubicg/roles/solution-architecture.json,e8ebca2b393b25ca3fdc7e7a081974343ac32c491baa93249389eefa9eaae2f2,HubICG Community release candidate,43a9e1396b6ed314c34c93c600cfd8877e805c7b,Paulo Cesar Benjamin Junior,first-party,AGPL-3.0-only,approved,Paulo Cesar Benjamin Junior,git:43a9e1396b6ed314c34c93c600cfd8877e805c7b
.mailmap,38a4d3f0b48c95be7bf7ca28e64868e38dbcd5923b5ba76f9c3efebb0f3c879b,HubICG Community release candidate,43a9e1396b6ed314c34c93c600cfd8877e805c7b,Paulo Cesar Benjamin Junior,first-party,AGPL-3.0-only,approved,Paulo Cesar Benjamin Junior,git:43a9e1396b6ed314c34c93c600cfd8877e805c7b
CHANGELOG.md,851ada77b1ec3bd42a5555b529cb36f5ae2380a4e953a18251f7af5bdb66daf2,HubICG Community release candidate,43a9e1396b6ed314c34c93c600cfd8877e805c7b,Paulo Cesar Benjamin Junior,first-party,AGPL-3.0-only,approved,Paulo Cesar Benjamin Junior,git:43a9e1396b6ed314c34c93c600cfd8877e805c7b
CLA-CORPORATE.md,a1c00aca32ba9b277cf393e69bc95c1dec924dc98e288378c8cbf43b63620a69,HubICG Community release candidate,43a9e1396b6ed314c34c93c600cfd8877e805c7b,Paulo Cesar Benjamin Junior,first-party,AGPL-3.0-only,approved,Paulo Cesar Benjamin Junior,git:43a9e1396b6ed314c34c93c600cfd8877e805c7b
CLA-INDIVIDUAL.md,261db127dafb17c8eb8f1581856329c2c896d115267f4a325c0bbc0c50a76e4e,HubICG Community release candidate,43a9e1396b6ed314c34c93c600cfd8877e805c7b,Paulo Cesar Benjamin Junior,first-party,AGPL-3.0-only,approved,Paulo Cesar Benjamin Junior,git:43a9e1396b6ed314c34c93c600cfd8877e805c7b
CLA_REGISTRY.md,c05dc050a2a02256f22771329ef40db15eb2f442cdff5482ee8956e94df28689,HubICG Community release candidate,43a9e1396b6ed314c34c93c600cfd8877e805c7b,Paulo Cesar Benjamin Junior,first-party,AGPL-3.0-only,approved,Paulo Cesar Benjamin Junior,git:43a9e1396b6ed314c34c93c600cfd8877e805c7b
CODE_OF_CONDUCT.md,e6ddccae740d89a5ec9e2078d90179df4625e5b5d0ee5442c4a920a79c488378,HubICG Community release candidate,43a9e1396b6ed314c34c93c600cfd8877e805c7b,Paulo Cesar Benjamin Junior,first-party,AGPL-3.0-only,approved,Paulo Cesar Benjamin Junior,git:43a9e1396b6ed314c34c93c600cfd8877e805c7b
CONTRIBUTING.md,3b200478a5c00c995c9c8871f38ebfd781613ca0662433c9e7ea66fdb71bb115,HubICG Community release candidate,43a9e1396b6ed314c34c93c600cfd8877e805c7b,Paulo Cesar Benjamin Junior,first-party,AGPL-3.0-only,approved,Paulo Cesar Benjamin Junior,git:43a9e1396b6ed314c34c93c600cfd8877e805c7b
GOVERNANCE.md,f72bbd5d32f17ae90514084f0503164cef005a8ffa77ca332a96423e803a756f,HubICG Community release candidate,43a9e1396b6ed314c34c93c600cfd8877e805c7b,Paulo Cesar Benjamin Junior,first-party,AGPL-3.0-only,approved,Paulo Cesar Benjamin Junior,git:43a9e1396b6ed314c34c93c600cfd8877e805c7b
LICENSE,8486a10c4393cee1c25392769ddd3b2d6c242d6ec7928e1414efff7dfb2f07ef,Project license notice,43a9e1396b6ed314c34c93c600cfd8877e805c7b,Paulo Cesar Benjamin Junior,generated-license-notice,AGPL-3.0-only,approved,Paulo Cesar Benjamin Junior,git:43a9e1396b6ed314c34c93c600cfd8877e805c7b
LICENSES/AGPL-3.0-only.txt,8486a10c4393cee1c25392769ddd3b2d6c242d6ec7928e1414efff7dfb2f07ef,GNU/FSF canonical license text,43a9e1396b6ed314c34c93c600cfd8877e805c7b,Paulo Cesar Benjamin Junior,upstream-license-text,AGPL-3.0-only,approved,Paulo Cesar Benjamin Junior,git:43a9e1396b6ed314c34c93c600cfd8877e805c7b
LICENSING.md,e12d3ddab39acc79e277f60617fc8ff2eef5b22fbc265d074fc0c2ece435041d,HubICG Community release candidate,43a9e1396b6ed314c34c93c600cfd8877e805c7b,Paulo Cesar Benjamin Junior,first-party,AGPL-3.0-only,approved,Paulo Cesar Benjamin Junior,git:43a9e1396b6ed314c34c93c600cfd8877e805c7b
MAINTAINERS.md,eb533d0d2f88e3549c89c11d8a23361062aec487eaba80c9d9b1657e816f18c8,HubICG Community release candidate,43a9e1396b6ed314c34c93c600cfd8877e805c7b,Paulo Cesar Benjamin Junior,first-party,AGPL-3.0-only,approved,Paulo Cesar Benjamin Junior,git:43a9e1396b6ed314c34c93c600cfd8877e805c7b
MANIFEST.sha256,7a2214cbacd69617233bd36359a8539afda37223705cfc6f0ad8bc590bb19c37,HubICG Community release candidate,43a9e1396b6ed314c34c93c600cfd8877e805c7b,Paulo Cesar Benjamin Junior,first-party,AGPL-3.0-only,approved,Paulo Cesar Benjamin Junior,git:43a9e1396b6ed314c34c93c600cfd8877e805c7b
Makefile,f8f0f1502618ad872d4fcadccefe2eb59b4977dd9651fd11c8c04709975af732,HubICG Community release candidate,43a9e1396b6ed314c34c93c600cfd8877e805c7b,Paulo Cesar Benjamin Junior,first-party,AGPL-3.0-only,approved,Paulo Cesar Benjamin Junior,git:43a9e1396b6ed314c34c93c600cfd8877e805c7b
NOTICE,62d9a953f158c2bea7395a707df87433d40c96341dccc3cc3cd0ec5e9488995e,HubICG Community release candidate,43a9e1396b6ed314c34c93c600cfd8877e805c7b,Paulo Cesar Benjamin Junior,first-party,AGPL-3.0-only,approved,Paulo Cesar Benjamin Junior,git:43a9e1396b6ed314c34c93c600cfd8877e805c7b
README.md,c60b2172a2d5a213223a0906ae51aa27957e16872838a2fa69249158fa31df23,HubICG Community release candidate,43a9e1396b6ed314c34c93c600cfd8877e805c7b,Paulo Cesar Benjamin Junior,first-party,AGPL-3.0-only,approved,Paulo Cesar Benjamin Junior,git:43a9e1396b6ed314c34c93c600cfd8877e805c7b
SECURITY.md,cdc2cee0e6d3ffceb939f3fadde4ed27db30fa9a3b3258e12aad4a9d8d93e9c0,HubICG Community release candidate,43a9e1396b6ed314c34c93c600cfd8877e805c7b,Paulo Cesar Benjamin Junior,first-party,AGPL-3.0-only,approved,Paulo Cesar Benjamin Junior,git:43a9e1396b6ed314c34c93c600cfd8877e805c7b
SUPPORT.md,70d249ec197616cd95bcee4470f049b77d35e1941883555bf2d4c155a402bbec,HubICG Community release candidate,43a9e1396b6ed314c34c93c600cfd8877e805c7b,Paulo Cesar Benjamin Junior,first-party,AGPL-3.0-only,approved,Paulo Cesar Benjamin Junior,git:43a9e1396b6ed314c34c93c600cfd8877e805c7b
THIRD_PARTY_NOTICES.md,6e42770367679a66f63aed0209e0cf605c69e27cfbe7d1936fae5bdd0a826cd2,HubICG Community release candidate,43a9e1396b6ed314c34c93c600cfd8877e805c7b,Paulo Cesar Benjamin Junior,first-party,AGPL-3.0-only,approved,Paulo Cesar Benjamin Junior,git:43a9e1396b6ed314c34c93c600cfd8877e805c7b
docs/CLI-CONTRACT.md,13c4df7f0d69ffdb93c4c0d540e173b68d707628a885aadfa69e9aa49482e078,HubICG Community release candidate,43a9e1396b6ed314c34c93c600cfd8877e805c7b,Paulo Cesar Benjamin Junior,first-party,AGPL-3.0-only,approved,Paulo Cesar Benjamin Junior,git:43a9e1396b6ed314c34c93c600cfd8877e805c7b
docs/DEPENDENCY-LICENSING.md,72d04265cf50d648ba16e3831fec7b01e7900af4c5fc5adc5c12744c6ff652f4,HubICG Community release candidate,43a9e1396b6ed314c34c93c600cfd8877e805c7b,Paulo Cesar Benjamin Junior,first-party,AGPL-3.0-only,approved,Paulo Cesar Benjamin Junior,git:43a9e1396b6ed314c34c93c600cfd8877e805c7b
docs/EDITIONS.md,52213f506f7f1886d052f22015ad7f1aba2c96a5f5cfbf0b61e3d9d3330b50ed,HubICG Community release candidate,43a9e1396b6ed314c34c93c600cfd8877e805c7b,Paulo Cesar Benjamin Junior,first-party,AGPL-3.0-only,approved,Paulo Cesar Benjamin Junior,git:43a9e1396b6ed314c34c93c600cfd8877e805c7b
docs/INSTALLATION.md,99dea0c8ee23ef0152daddfcd0f8724a831bd1a4d4906de8e890fcb1324c697b,HubICG Community release candidate,43a9e1396b6ed314c34c93c600cfd8877e805c7b,Paulo Cesar Benjamin Junior,first-party,AGPL-3.0-only,approved,Paulo Cesar Benjamin Junior,git:43a9e1396b6ed314c34c93c600cfd8877e805c7b
docs/LEGAL-RELEASE-GATE.md,d00f61267fcbc89ff8bb6d3672360ca9997dbabc64ff9bdb1c90bd4f16ebf730,HubICG Community release candidate,43a9e1396b6ed314c34c93c600cfd8877e805c7b,Paulo Cesar Benjamin Junior,first-party,AGPL-3.0-only,approved,Paulo Cesar Benjamin Junior,git:43a9e1396b6ed314c34c93c600cfd8877e805c7b
docs/P1-READINESS.md,02e5e45f4b965d6e86c86a77b72f7eb913dc820c159732fdc54ad64b01636788,HubICG Community release candidate,43a9e1396b6ed314c34c93c600cfd8877e805c7b,Paulo Cesar Benjamin Junior,first-party,AGPL-3.0-only,approved,Paulo Cesar Benjamin Junior,git:43a9e1396b6ed314c34c93c600cfd8877e805c7b
docs/PROVENANCE.md,8ae8aa79c987a95278f5a21d2602d60dec88edd1cd5aa729763a193376dd73db,HubICG Community release candidate,43a9e1396b6ed314c34c93c600cfd8877e805c7b,Paulo Cesar Benjamin Junior,first-party,AGPL-3.0-only,approved,Paulo Cesar Benjamin Junior,git:43a9e1396b6ed314c34c93c600cfd8877e805c7b
docs/RELEASE-0.1.0.md,ef758f78065f8ad86b1f94f033b35d837250c33594d407d85e7ea158dc344b38,HubICG Community release candidate,43a9e1396b6ed314c34c93c600cfd8877e805c7b,Paulo Cesar Benjamin Junior,first-party,AGPL-3.0-only,approved,Paulo Cesar Benjamin Junior,git:43a9e1396b6ed314c34c93c600cfd8877e805c7b
docs/ROLE-SCHEMA-COMPATIBILITY.md,0c4ca9ee433ede83a094ed7a517c34523489c66e4af19d5837a9a32e4ccc8fe5,HubICG Community release candidate,43a9e1396b6ed314c34c93c600cfd8877e805c7b,Paulo Cesar Benjamin Junior,first-party,AGPL-3.0-only,approved,Paulo Cesar Benjamin Junior,git:43a9e1396b6ed314c34c93c600cfd8877e805c7b
docs/UPGRADE-ROLLBACK.md,befe0c95e58865be66129cf249dfff7fddc87747d3c02bea3d9af25ab05311f4,HubICG Community release candidate,43a9e1396b6ed314c34c93c600cfd8877e805c7b,Paulo Cesar Benjamin Junior,first-party,AGPL-3.0-only,approved,Paulo Cesar Benjamin Junior,git:43a9e1396b6ed314c34c93c600cfd8877e805c7b
docs/VERSIONING.md,6d90ba0ba4d0b1267d534e6d8323e1c1017993be3c51911ba8edd7b8cc9864e5,HubICG Community release candidate,43a9e1396b6ed314c34c93c600cfd8877e805c7b,Paulo Cesar Benjamin Junior,first-party,AGPL-3.0-only,approved,Paulo Cesar Benjamin Junior,git:43a9e1396b6ed314c34c93c600cfd8877e805c7b
docs/adr/ADR-001-local-role-storage.md,2b42ed2a09322b38c8d0573e3d8dc415442b55cf2039979e2e0dbf809f18afb9,HubICG Community release candidate,43a9e1396b6ed314c34c93c600cfd8877e805c7b,Paulo Cesar Benjamin Junior,first-party,AGPL-3.0-only,approved,Paulo Cesar Benjamin Junior,git:43a9e1396b6ed314c34c93c600cfd8877e805c7b
docs/architecture/ROLE-STORAGE-SELECTION-STUDY.md,52025dbcc954c81bc930ed31ba4648333ad6f24727201a0560afc8acead58fba,HubICG Community release candidate,43a9e1396b6ed314c34c93c600cfd8877e805c7b,Paulo Cesar Benjamin Junior,first-party,AGPL-3.0-only,approved,Paulo Cesar Benjamin Junior,git:43a9e1396b6ed314c34c93c600cfd8877e805c7b
docs/gates/P0-MAINTAINERS-GATE.md,c24c7eb9e3ecf9baa483272f481b3fac872a2e76d44bc9c7798fdd73c8194339,HubICG Community release candidate,43a9e1396b6ed314c34c93c600cfd8877e805c7b,Paulo Cesar Benjamin Junior,first-party,AGPL-3.0-only,approved,Paulo Cesar Benjamin Junior,git:43a9e1396b6ed314c34c93c600cfd8877e805c7b
docs/gates/P0-MARKS-GATE.md,416377ae9dfa116affab865d858f3c54bcae5ef100f24838c399c2ace433909d,HubICG Community release candidate,43a9e1396b6ed314c34c93c600cfd8877e805c7b,Paulo Cesar Benjamin Junior,first-party,AGPL-3.0-only,approved,Paulo Cesar Benjamin Junior,git:43a9e1396b6ed314c34c93c600cfd8877e805c7b
docs/gates/P0-PROVENANCE-GATE.md,7cb49a5e030f183cef3c71491ac362610bf1b53f3bed741e195b58a4a5e0f534,HubICG Community release candidate,43a9e1396b6ed314c34c93c600cfd8877e805c7b,Paulo Cesar Benjamin Junior,first-party,AGPL-3.0-only,approved,Paulo Cesar Benjamin Junior,git:43a9e1396b6ed314c34c93c600cfd8877e805c7b
docs/gates/P0-PUBLICATION-AUTHORIZATION.md,4c5299910d55d5e829350c50f198d5700921b51f4f5726e1516fb720b42f29ab,HubICG Community release candidate,43a9e1396b6ed314c34c93c600cfd8877e805c7b,Paulo Cesar Benjamin Junior,first-party,AGPL-3.0-only,approved,Paulo Cesar Benjamin Junior,git:43a9e1396b6ed314c34c93c600cfd8877e805c7b
examples/config.proposed.json,d602c050cf6668948c8b74b8c856beca100a294ecbe65b63432ebba6ce0dc42f,HubICG Community release candidate,43a9e1396b6ed314c34c93c600cfd8877e805c7b,Paulo Cesar Benjamin Junior,first-party,AGPL-3.0-only,approved,Paulo Cesar Benjamin Junior,git:43a9e1396b6ed314c34c93c600cfd8877e805c7b
pyproject.toml,a08efceb005bcc5ddacca6133f9a114f7d13a670ec8672527df9df4580c994af,HubICG Community release candidate,43a9e1396b6ed314c34c93c600cfd8877e805c7b,Paulo Cesar Benjamin Junior,first-party,AGPL-3.0-only,approved,Paulo Cesar Benjamin Junior,git:43a9e1396b6ed314c34c93c600cfd8877e805c7b
schemas/role-v1.schema.json,5343e788c2b064e55a4967b03677b5ffc1e2ff14e9afd95b6e633a39c8fdb60e,HubICG Community release candidate,43a9e1396b6ed314c34c93c600cfd8877e805c7b,Paulo Cesar Benjamin Junior,first-party,AGPL-3.0-only,approved,Paulo Cesar Benjamin Junior,git:43a9e1396b6ed314c34c93c600cfd8877e805c7b
scripts/build_checksums.py,adb30f09566ce8c03660f3051c1f37d8ad0d5b1fc8f125f70298ca48e6b96b6c,HubICG Community release candidate,43a9e1396b6ed314c34c93c600cfd8877e805c7b,Paulo Cesar Benjamin Junior,first-party,AGPL-3.0-only,approved,Paulo Cesar Benjamin Junior,git:43a9e1396b6ed314c34c93c600cfd8877e805c7b
scripts/build_manifest.py,b20b9874576dd071ac481decaebab468b912ce7c85be9f105a3469c78e533b28,HubICG Community release candidate,43a9e1396b6ed314c34c93c600cfd8877e805c7b,Paulo Cesar Benjamin Junior,first-party,AGPL-3.0-only,approved,Paulo Cesar Benjamin Junior,git:43a9e1396b6ed314c34c93c600cfd8877e805c7b
scripts/build_provenance.py,8500f99d256a237860ad74532ffbc7967b45c37d5ffcb6e702bd348b180f8bd0,HubICG Community release candidate,43a9e1396b6ed314c34c93c600cfd8877e805c7b,Paulo Cesar Benjamin Junior,first-party,AGPL-3.0-only,approved,Paulo Cesar Benjamin Junior,git:43a9e1396b6ed314c34c93c600cfd8877e805c7b
scripts/build_provenance_manifest.py,cecd186768bf5b9386174e2a284b73347534f7d792a2cd78c5f0f5a658600592,HubICG Community release candidate,43a9e1396b6ed314c34c93c600cfd8877e805c7b,Paulo Cesar Benjamin Junior,first-party,AGPL-3.0-only,approved,Paulo Cesar Benjamin Junior,git:43a9e1396b6ed314c34c93c600cfd8877e805c7b
scripts/build_sbom.py,3f63b189542eae37f44849999b6074f3c2f8d64bf398abc2f5d2dc8d4bfd83dc,HubICG Community release candidate,43a9e1396b6ed314c34c93c600cfd8877e805c7b,Paulo Cesar Benjamin Junior,first-party,AGPL-3.0-only,approved,Paulo Cesar Benjamin Junior,git:43a9e1396b6ed314c34c93c600cfd8877e805c7b
scripts/check_cla.py,05daadca08a7a3b22f5fdabc4b61b6b886201e512bcdf3413a4d2a9eb88ea5cc,HubICG Community release candidate,43a9e1396b6ed314c34c93c600cfd8877e805c7b,Paulo Cesar Benjamin Junior,first-party,AGPL-3.0-only,approved,Paulo Cesar Benjamin Junior,git:43a9e1396b6ed314c34c93c600cfd8877e805c7b
scripts/check_p0_gates.py,5792dd975a72b1aae0bfb808dcf9896e735ae10eb094bd7fe7cf716b7a4abc9a,HubICG Community release candidate,43a9e1396b6ed314c34c93c600cfd8877e805c7b,Paulo Cesar Benjamin Junior,first-party,AGPL-3.0-only,approved,Paulo Cesar Benjamin Junior,git:43a9e1396b6ed314c34c93c600cfd8877e805c7b
scripts/normalize_sdist.py,e33011933ba0029c87fcba1131e3c500e56177b63f186bbcece67a47e12a3cd3,HubICG Community release candidate,43a9e1396b6ed314c34c93c600cfd8877e805c7b,Paulo Cesar Benjamin Junior,first-party,AGPL-3.0-only,approved,Paulo Cesar Benjamin Junior,git:43a9e1396b6ed314c34c93c600cfd8877e805c7b
scripts/verify_release.py,e9e03a459cacb116a60aff621d706c5f6cae4d15a5f26a9cb82bfd908e41d5d8,HubICG Community release candidate,43a9e1396b6ed314c34c93c600cfd8877e805c7b,Paulo Cesar Benjamin Junior,first-party,AGPL-3.0-only,approved,Paulo Cesar Benjamin Junior,git:43a9e1396b6ed314c34c93c600cfd8877e805c7b
scripts/verify_reproducible_build.py,45d0b9b814d284089e7c99090721a93998d149730c44e3748045c4a8df3323d6,HubICG Community release candidate,43a9e1396b6ed314c34c93c600cfd8877e805c7b,Paulo Cesar Benjamin Junior,first-party,AGPL-3.0-only,approved,Paulo Cesar Benjamin Junior,git:43a9e1396b6ed314c34c93c600cfd8877e805c7b
src/hubicg/__init__.py,17e6d08e8db9b2c41dff6e0dbeacb9337b78885ece0f5b7f8d172309c4a49adc,HubICG Community release candidate,43a9e1396b6ed314c34c93c600cfd8877e805c7b,Paulo Cesar Benjamin Junior,first-party,AGPL-3.0-only,approved,Paulo Cesar Benjamin Junior,git:43a9e1396b6ed314c34c93c600cfd8877e805c7b
src/hubicg/__main__.py,6d8b7d7846a845059d7a3107143f11131f63c5511d669b44085b15ec5e3d2279,HubICG Community release candidate,43a9e1396b6ed314c34c93c600cfd8877e805c7b,Paulo Cesar Benjamin Junior,first-party,AGPL-3.0-only,approved,Paulo Cesar Benjamin Junior,git:43a9e1396b6ed314c34c93c600cfd8877e805c7b
src/hubicg/change_evidence.py,80254b0bf668caee3d7a7b6622064c4c7998e7af8a1c585d37a2d5282be8a336,HubICG Community release candidate,43a9e1396b6ed314c34c93c600cfd8877e805c7b,Paulo Cesar Benjamin Junior,first-party,AGPL-3.0-only,approved,Paulo Cesar Benjamin Junior,git:43a9e1396b6ed314c34c93c600cfd8877e805c7b
src/hubicg/cli.py,ffdedd6bbbab0fd0640929f016165716210667fbd07271f681a0ae886bbecec0,HubICG Community release candidate,43a9e1396b6ed314c34c93c600cfd8877e805c7b,Paulo Cesar Benjamin Junior,first-party,AGPL-3.0-only,approved,Paulo Cesar Benjamin Junior,git:43a9e1396b6ed314c34c93c600cfd8877e805c7b
src/hubicg/filenames.py,916ef6e4da34f07626beee11c220038301435bc155dd960accae1014db28981a,HubICG Community release candidate,43a9e1396b6ed314c34c93c600cfd8877e805c7b,Paulo Cesar Benjamin Junior,first-party,AGPL-3.0-only,approved,Paulo Cesar Benjamin Junior,git:43a9e1396b6ed314c34c93c600cfd8877e805c7b
src/hubicg/role_schema.py,67e8cbf8d64181be57276809fb322ba00b0b80a545b04fcc3705530b4d31182a,HubICG Community release candidate,43a9e1396b6ed314c34c93c600cfd8877e805c7b,Paulo Cesar Benjamin Junior,first-party,AGPL-3.0-only,approved,Paulo Cesar Benjamin Junior,git:43a9e1396b6ed314c34c93c600cfd8877e805c7b
src/hubicg/role_selection.py,2e53442f9f2e5bd3dbd5ae61b7976611bcc24abe6d327a8a59121bbc7cf2252f,HubICG Community release candidate,43a9e1396b6ed314c34c93c600cfd8877e805c7b,Paulo Cesar Benjamin Junior,first-party,AGPL-3.0-only,approved,Paulo Cesar Benjamin Junior,git:43a9e1396b6ed314c34c93c600cfd8877e805c7b
src/hubicg/role_store.py,a6497897ce7af3b5befc5d30666e788c17acf34dcbbd39d37a4289eb3cfb5281,HubICG Community release candidate,43a9e1396b6ed314c34c93c600cfd8877e805c7b,Paulo Cesar Benjamin Junior,first-party,AGPL-3.0-only,approved,Paulo Cesar Benjamin Junior,git:43a9e1396b6ed314c34c93c600cfd8877e805c7b
tests/test_cli.py,1b454c8c36d7163d5d937277a80efac9f026f1e1450d8bf370b451df97d84ccf,HubICG Community release candidate,43a9e1396b6ed314c34c93c600cfd8877e805c7b,Paulo Cesar Benjamin Junior,first-party,AGPL-3.0-only,approved,Paulo Cesar Benjamin Junior,git:43a9e1396b6ed314c34c93c600cfd8877e805c7b
